Team,pname,pcluster
ATL,Paul Maholm,1
OAK,Brett Anderson,1
PHI,John Lannan,1
STL,Jaime Garcia,1
TOR,Ricky Romero,1
ARI,Trevor Cahill,1
ATL,Tim Hudson,1
CLE,Justin Masterson,1
DET,Rick Porcello,1
LAD,Edinson Volquez,1
STL,Jake Westbrook,1
TBR,Alex Cobb,1
TBR,Roberto Hernandez,1
BOS,John Lackey,2
MIN,Pedro Hernandez,3
COL,Collin McHugh,3
SEA,Brandon Maurer,3
STL,Victor Marte,3
CIN,Aroldis Chapman,4
OAK,Sean Doolittle,4
PHI,Antonio Bastardo,4
TBR,Jake McGee,4
ATL,Jordan Walden,4
BOS,Koji Uehara,4
CLE,Vinnie Pestano,4
COL,Rafael Betancourt,4
DET,Joaquin Benoit,4
DET,Octavio Dotel,4
LAA,Ernesto Frieri,4
LAD,Kenley Jansen,4
MIL,Jim Henderson,4
PIT,Jason Grilli,4
SFG,Sergio Romo,4
STL,Jason Motte,4
TBR,Joel Peralta,4
TEX,Neftali Feliz,4
TOR,Steve Delabar,4
WSN,Tyler Clippard,4
ARI,Joe Thatcher,5
BAL,Troy Patton,5
BOS,Craig Breslow,5
LAD,Paco Rodriguez,5
PIT,Tony Watson,5
SDP,Cory Luebke,5
TEX,Neal Cotts,5
ATL,Brandon Beachy,5
ATL,Cristhian Martinez,5
BAL,Darren O'Day,5
BOS,Junichi Tazawa,5
CHC,Matt Guerrier,5
KCR,Kelvin Herrera,5
MIN,Jared Burton,5
NYM,Matt Harvey,5
NYY,Michael Pineda,5
OAK,Ryan Cook,5
PIT,Kyle Farnsworth,5
SDP,Luke Gregerson,5
SDP,Nick Vincent,5
SFG,Jean Machi,5
SFG,Yusmeiro Petit,5
STL,Fernando Salas,5
STL,Edward Mujica,5
STL,Trevor Rosenthal,5
TBR,Jesse Crain,5
BOS,Andrew Miller,6
COL,Drew Pomeranz,6
CHC,Hector Rondon,6
CHC,Rafael Dolis,6
CLE,Trevor Bauer,6
HOU,Rhiner Cruz,6
TOR,Jeremy Jeffress,6
TOR,Kyle Drabek,6
DET,Jose Alvarez,7
CHW,Dylan Axelrod,7
HOU,John Ely,7
NYY,Adam Warren,7
TOR,Ramon Ortiz,7
ARI,Matt Reynolds,8
NYM,Josh Edgin,8
CHC,Blake Parker,8
CLE,Danny Salazar,8
LAA,J.C. Gutierrez,8
LAD,Shawn Tolleson,8
NYM,David Aardsma,8
NYY,Jim Miller,8
OAK,Dan Straily,8
SDP,Anthony Bass,8
SDP,Brad Brach,8
SEA,Stephen Pryor,8
STL,Shelby Miller,8
TBR,Chris Archer,8
TEX,Josh Lindblom,8
TOR,Todd Redmond,8
TOR,Neil Wagner,8
TOR,Dustin McGowan,8
CIN,Zach Duke,9
COL,Christian Friedrich,9
HOU,Dallas Keuchel,9
ATL,David Carpenter,9
BAL,Kevin Gausman,9
CHC,Justin Grimm,9
CIN,Greg Reynolds,9
COL,Chad Bettis,9
COL,Jeff Manship,9
DET,Jeremy Bonderman,9
HOU,Jordan Lyles,9
HOU,Alex White,9
KCR,Luis Mendoza,9
LAA,David Carpenter,9
MIL,Alfredo Figaro,9
MIN,Liam Hendriks,9
MIN,Kyle Gibson,9
TOR,Esmil Rogers,9
ATL,Alex Wood,10
NYM,Scott Rice,10
NYM,Pedro Feliciano,10
PHI,Jake Diekman,10
SEA,Lucas Luetge,10
ATL,Cory Gearrin,10
CHC,Pedro Strop,10
CLE,Blake Wood,10
LAA,Garrett Richards,10
LAA,Dane de la Rosa,10
LAD,Peter Moylan,10
PHI,Justin De Fratus,10
PHI,Phillippe Aumont,10
SDP,Tyson Ross,10
ATL,Mike Minor,11
CHC,Travis Wood,11
CHW,John Danks,11
COL,Jorge de la Rosa,11
KCR,Bruce Chen,11
LAA,Jason Vargas,11
LAD,Chris Capuano,11
MIL,Tom Gorzelanny,11
NYM,Johan Santana,11
OAK,Tommy Milone,11
TBR,Matt Moore,11
TOR,Brett Cecil,11
TOR,J.A. Happ,11
ARI,Daniel Hudson,12
ATL,Kris Medlen,12
BAL,Chris Tillman,12
BOS,Jake Peavy,12
CHC,Carlos Villanueva,12
COL,Roy Oswalt,12
LAD,Josh Beckett,12
MIL,Marco Estrada,12
NYM,Dillon Gee,12
NYY,Phil Hughes,12
OAK,Jarrod Parker,12
SDP,Ian Kennedy,12
TBR,Jeremy Hellickson,12
TEX,Alexi Ogando,12
TEX,Colby Lewis,12
TOR,Brandon Morrow,12
ARI,Wade Miley,13
BOS,Felix Doubront,13
COL,Jeff Francis,13
HOU,Erik Bedard,13
MIN,Brian Duensing,13
MIN,Scott Diamond,13
SDP,Clayton Richard,13
SEA,Joe Saunders,13
SFG,Barry Zito,13
TEX,Matt Harrison,13
ARI,Brandon McCarthy,14
ATL,Freddy Garcia,14
BAL,Tommy Hunter,14
BAL,Scott Feldman,14
BAL,Jason Hammel,14
CHC,Jake Arrieta,14
CIN,Bronson Arroyo,14
CIN,Mike Leake,14
KCR,Wade Davis,14
KCR,Jeremy Guthrie,14
LAA,Joe Blanton,14
MIL,Kyle Lohse,14
MIN,Mike Pelfrey,14
MIN,Kevin Correia,14
MIN,Vance Worley,14
OAK,Bartolo Colon,14
PHI,Kyle Kendrick,14
PIT,Jeff Karstens,14
SFG,Ryan Vogelsong,14
BOS,Jon Lester,15
LAA,C.J. Wilson,15
LAD,Clayton Kershaw,15
NYY,CC Sabathia,15
PHI,Cliff Lee,15
PHI,Cole Hamels,15
SFG,Madison Bumgarner,15
TBR,David Price,15
TOR,Mark Buehrle,15
WSN,Gio Gonzalez,15
CIN,Mat Latos,16
CIN,Johnny Cueto,16
DET,Anibal Sanchez,16
DET,Justin Verlander,16
DET,Doug Fister,16
DET,Max Scherzer,16
KCR,James Shields,16
LAA,Jered Weaver,16
LAD,Zack Greinke,16
NYY,Hiroki Kuroda,16
PHI,Roy Halladay,16
SEA,Felix Hernandez,16
SFG,Matt Cain,16
STL,Adam Wainwright,16
TOR,R.A. Dickey,16
WSN,Dan Haren,16
MIN,Glen Perkins,17
ARI,Heath Bell,17
ARI,J.J. Putz,17
ATL,Craig Kimbrel,17
BAL,Francisco Rodriguez,17
BAL,Jim Johnson,17
BOS,Andrew Bailey,17
BOS,Joel Hanrahan,17
CHC,Kevin Gregg,17
CHW,Addison Reed,17
CIN,Jonathan Broxton,17
CLE,Chris Perez,17
KCR,Greg Holland,17
LAD,Carlos Marmol,17
LAD,Brian Wilson,17
MIA,Steve Cishek,17
NYY,Mariano Rivera,17
OAK,Grant Balfour,17
PHI,Jonathan Papelbon,17
SDP,Huston Street,17
STL,John Axford,17
TBR,Fernando Rodney,17
TEX,Joe Nathan,17
TEX,Joakim Soria,17
TOR,Casey Janssen,17
WSN,Drew Storen,17
WSN,Rafael Soriano,17
CHC,James Russell,18
CIN,Logan Ondrusek,18
CIN,Alfredo Simon,18
CLE,Bryan Shaw,18
NYM,Carlos Torres,18
OAK,Pat Neshek,18
PIT,Bryan Morris,18
BAL,Wei-Yin Chen,19
HOU,Brett Oberholtzer,19
MIN,Andrew Albers,19
SDP,Eric Stults,19
ARI,Josh Collmenter,19
ATL,Julio Teheran,19
BAL,Miguel Gonzalez,19
CHC,Scott Baker,19
CHW,Miguel Gonzalez,19
CLE,Josh Tomlin,19
CLE,Frank Herrmann,19
MIA,Kevin Slowey,19
OAK,A.J. Griffin,19
OAK,Chris Young,19
SEA,Blake Beavan,19
SFG,Guillermo Moscoso,19
ARI,Tony Sipp,20
BOS,Franklin Morales,20
CHW,Hector Santiago,20
CHW,David Purcey,20
CIN,Tony Cingrani,20
CLE,Clay Rapada,20
CLE,Nick Hagadone,20
KCR,Tim Collins,20
MIA,Mike Dunn,20
NYM,Tim Byrdak,20
OAK,Jerry Blevins,20
BAL,Steve Johnson,20
BOS,Brayan Villarreal,20
CHC,Henry Rodriguez,20
KCR,Louis Coleman,20
LAA,Michael Kohn,20
MIA,A.J. Ramos,20
NYY,Shawn Kelley,20
PHI,B.J. Rosenberg,20
PHI,Michael Stutes,20
SDP,Brad Boxberger,20
TBR,Brandon Gomes,20
ATL,Scott Downs,21
ATL,Jonny Venters,21
ATL,Eric O'Flaherty,21
BOS,Matt Thornton,21
CLE,Marc Rzepczynski,21
LAA,Sean Burnett,21
SFG,Javier Lopez,21
SFG,Jeremy Affeldt,21
STL,Randy Choate,21
TEX,Robbie Ross,21
TOR,Darren Oliver,21
TOR,Aaron Loup,21
ARI,Brad Ziegler,22
CHW,Matt Lindstrom,22
CLE,Matt Albers,22
CLE,Joe Smith,22
COL,Mitchell Boggs,22
COL,Matt Belisle,22
COL,Wilton Lopez,22
LAD,Ronald Belisario,22
LAD,Brandon League,22
MIA,Chad Qualls,22
MIA,Ryan Webb,22
MIL,Burke Badenhop,22
MIL,Brandon Kintzler,22
NYM,LaTroy Hawkins,22
NYM,Bobby Parnell,22
PIT,Jared Hughes,22
PIT,Mark Melancon,22
SFG,Santiago Casilla,22
TBR,Jamey Wright,22
WSN,Craig Stammen,22
ATL,Kameron Loe,23
ARI,Tyler Skaggs,24
BAL,Brian Matusz,24
CLE,Scott Kazmir,24
KCR,Danny Duffy,24
MIA,Brad Hand,24
NYY,David Huff,24
SDP,Robbie Erlin,24
WSN,Fernando Abad,24
HOU,Brad Peacock,25
MIA,Alex Sanabia,25
MIL,Tyler Thornburg,25
NYM,Daisuke Matsuzaka,25
NYY,Matt Daley,25
OAK,Jesse Chavez,25
PHI,Tyler Cloyd,25
SEA,Hector Noesi,25
TBR,Jake Odorizzi,25
TOR,Brad Lincoln,25
WSN,Ross Ohlendorf,25
ARI,Patrick Corbin,26
BAL,T.J. McFarland,26
CHW,Jose Quintana,26
LAD,Hyun-Jin Ryu,26
PHI,Joe Savery,26
PIT,Jeff Locke,26
STL,Tyler Lyons,26
TBR,Wesley Wright,26
TBR,Cesar Ramos,26
WSN,Ross Detwiler,26
ATL,Anthony Varvaro,26
ATL,Luis Ayala,26
BOS,Pedro Beato,26
COL,Rob Scahill,26
DET,Luke Putkonen,26
HOU,Jarred Cosart,26
LAD,Stephen Fife,26
MIA,Jacob Turner,26
MIN,Anthony Swarzak,26
MIN,Ryan Pressly,26
NYM,Zack Wheeler,26
NYM,Scott Atchison,26
OAK,Evan Scribner,26
PHI,Jonathan Pettibone,26
PIT,Gerrit Cole,26
SDP,Andrew Cashner,26
SDP,Tim Stauffer,26
STL,Joe Kelly,26
TEX,Tanner Scheppers,26
WSN,Ryan Mattheus,26
CHW,Donnie Veal,27
CLE,Rich Hill,27
LAD,J.P. Howell,27
WSN,Xavier Cedeno,27
CHW,Andre Rienzo,27
HOU,Josh Fields,27
SDP,Miles Mikolas,27
NYM,Robert Carson,28
HOU,Paul Clemens,28
ARI,Joe Paterson,29
CHW,Brian Omogrosso,29
NYM,Greg Burke,29
SFG,Sandy Rosario,29
BAL,Zach Britton,30
TOR,Luis Perez,30
COL,Tyler Chatwood,30
HOU,Lucas Harrell,30
MIA,Henderson Alvarez,30
MIL,Wily Peralta,30
NYM,Jenrry Mejia,30
OAK,Dan Otero,30
PIT,Charlie Morton,30
STL,Seth Maness,30
TEX,Ross Wolf,30
WSN,Taylor Jordan,30
ARI,David Hernandez,31
CHW,Ramon Troncoso,32
ATL,Luis Avilan,33
MIN,Caleb Thielbar,33
PIT,Justin Wilson,33
STL,Kevin Siegrist,33
TBR,Alex Torres,33
CIN,J.J. Hoover,33
OAK,Sonny Gray,33
SEA,Tom Wilhelmsen,33
STL,Michael Wacha,33
CIN,Manny Parra,34
COL,Josh Outman,34
DET,Darin Downs,34
PHI,Raul Valdes,34
SEA,Oliver Perez,34
ARI,Will Harris,34
ATL,David Carpenter,34
BOS,Brandon Workman,34
CLE,Cody Allen,34
COL,Adam Ottavino,34
HOU,Jose Cisnero,34
KCR,Felipe Paulino,34
LAA,David Carpenter,34
NYM,Frank Francisco,34
NYY,Joba Chamberlain,34
OAK,Fernando Rodriguez,34
SEA,Carter Capps,34
SEA,Danny Farquhar,34
SFG,George Kontos,34
TBR,Josh Lueke,34
TOR,Mickey Storey,34
DET,Phil Coke,35
MIA,Dan Jennings,35
PHI,Jeremy Horst,35
SFG,Jose Mijares,35
TEX,Michael Kirkman,35
BAL,Francisco Rodriguez,35
BOS,Rubby de la Rosa,35
CLE,Zach McAllister,35
COL,Juan Nicasio,35
LAA,Kevin Jepsen,35
LAD,Javy Guerra,35
MIA,Nathan Eovaldi,35
MIN,Josh Roenicke,35
PIT,Vin Mazzaro,35
SDP,Dale Thayer,35
SFG,Chad Gaudin,35
TEX,Jason Frasor,35
CHW,Chris Sale,36
NYY,Andy Pettitte,36
PIT,Francisco Liriano,36
PIT,Wandy Rodriguez,36
TEX,Derek Holland,36
BAL,Bud Norris,37
BOS,Ryan Dempster,37
BOS,Clay Buchholz,37
CHC,Jeff Samardzija,37
CHC,Edwin Jackson,37
CHW,Gavin Floyd,37
CIN,Homer Bailey,37
CLE,Ubaldo Jimenez,37
COL,Jhoulys Chacin,37
KCR,Ervin Santana,37
KCR,Luke Hochevar,37
LAA,Tommy Hanson,37
LAD,Ricky Nolasco,37
LAD,Chad Billingsley,37
MIL,Yovani Gallardo,37
NYY,Ivan Nova,37
PIT,A.J. Burnett,37
SEA,Hisashi Iwakuma,37
SFG,Tim Lincecum,37
STL,Lance Lynn,37
STL,Chris Carpenter,37
TBR,Jeff Niemann,37
TEX,Matt Garza,37
TOR,Josh Johnson,37
WSN,Jordan Zimmermann,37
WSN,Stephen Strasburg,37
CHC,Chris Rusin,38
KCR,Will Smith,38
KCR,Everett Teaford,38
OAK,Andrew Werner,38
TEX,Joe Ortiz,38
TEX,Travis Blackley,38
TEX,Martin Perez,38
ARI,Randall Delgado,39
BAL,Josh Stinson,39
CLE,Carlos Carrasco,39
CLE,Corey Kluber,39
HOU,Philip Humber,39
LAA,Jerome Williams,39
MIA,Tom Koehler,39
MIL,Donovan Hand,39
MIL,Mike Fiers,39
NYM,Jeremy Hefner,39
NYY,Preston Claiborne,39
NYY,David Phelps,39
PIT,Jeanmar Gomez,39
SEA,Erasmo Ramirez,39
TEX,Nick Tepesch,39
TOR,Drew Hutchison,39
CIN,Sean Marshall,40
COL,Rex Brothers,40
DET,Drew Smyly,40
LAD,Scott Elbert,40
NYY,Boone Logan,40
SEA,Charlie Furbush,40
TOR,Juan Perez,40
CHC,Daniel Bard,41
CHW,Nate Jones,41
CIN,Sam LeCure,41
CIN,Nick Masset,41
DET,Jose Veras,41
DET,Al Alburquerque,41
KCR,Aaron Crow,41
MIA,Jose Fernandez,41
NYY,David Robertson,41
PHI,Mike Adams,41
SEA,Yoervis Medina,41
SFG,Juan Perez,41
TEX,Yu Darvish,41
TOR,Sergio Santos,41
MIN,Casey Fien,42
SDP,Jason Marquis,42
TOR,Chad Jenkins,42
